{
  "v": "5.4.4",
  "fr": 30,
  "ip": 0,
  "op": 149,
  "w": 200,
  "h": 200,
  "nm": "dislike",
  "ddd": 0,
  "assets": [],
  "layers": [
    {
      "ddd": 0,
      "ind": 1,
      "ty": 4,
      "nm": "BulbsCircle 2",
      "sr": 1,
      "ks": {
        "o": {
          "a": 0,
          "k": 100,
          "ix": 11
        },
        "r": {
          "a": 0,
          "k": 24,
          "ix": 10
        },
        "p": {
          "a": 0,
          "k": [
            99.843,
            95.164,
            0
          ],
          "ix": 2
        },
        "a": {
          "a": 0,
          "k": [
            0,
            0,
            0
          ],
          "ix": 1
        },
        "s": {
          "a": 1,
          "k": [
            {
              "i": {
                "x": [
                  0.833,
                  0.833,
                  0.833
                ],
                "y": [
                  0.833,
                  0.833,
                  0.833
                ]
              },
              "o": {
                "x": [
                  0.167,
                  0.167,
                  0.167
                ],
                "y": [
                  0.167,
                  0.167,
                  0.167
                ]
              },
              "t": 0,
              "s": [
                0,
                0,
                100
              ],
              "e": [
                50,
                50,
                100
              ]
            },
            {
              "i": {
                "x": [
                  0.833,
                  0.833,
                  0.833
                ],
                "y": [
                  0.833,
                  0.833,
                  0.833
                ]
              },
              "o": {
                "x": [
                  0.167,
                  0.167,
                  0.167
                ],
                "y": [
                  0.167,
                  0.167,
                  0.167
                ]
              },
              "t": 45,
              "s": [
                50,
                50,
                100
              ],
              "e": [
                118.208,
                118.208,
                100
              ]
            },
            {
              "t": 60
            }
          ],
          "ix": 6
        }
      },
      "ao": 0,
      "shapes": [
        {
          "ty": "gr",
          "it": [
            {
              "d": 1,
              "ty": "el",
              "s": {
                "a": 0,
                "k": [
                  172,
                  172
                ],
                "ix": 2
              },
              "p": {
                "a": 0,
                "k": [
                  0,
                  0
                ],
                "ix": 3
              },
              "nm": "Ellipse Path 1",
              "mn": "ADBE Vector Shape - Ellipse",
              "hd": false
            },
            {
              "ty": "st",
              "c": {
                "a": 0,
                "k": [
                  0.200000017881,
                  0.200000017881,
                  0.200000017881,
                  1
                ],
                "ix": 3
              },
              "o": {
                "a": 0,
                "k": 100,
                "ix": 4
              },
              "w": {
                "a": 1,
                "k": [
                  {
                    "i": {
                      "x": [
                        0.833
                      ],
                      "y": [
                        0.833
                      ]
                    },
                    "o": {
                      "x": [
                        0.167
                      ],
                      "y": [
                        0.167
                      ]
                    },
                    "t": 30,
                    "s": [
                      0
                    ],
                    "e": [
                      28
                    ]
                  },
                  {
                    "i": {
                      "x": [
                        0.833
                      ],
                      "y": [
                        0.833
                      ]
                    },
                    "o": {
                      "x": [
                        0.167
                      ],
                      "y": [
                        0.167
                      ]
                    },
                    "t": 45,
                    "s": [
                      28
                    ],
                    "e": [
                      0
                    ]
                  },
                  {
                    "t": 60
                  }
                ],
                "ix": 5
              },
              "lc": 2,
              "lj": 1,
              "ml": 4,
              "bm": 0,
              "d": [
                {
                  "n": "d",
                  "nm": "dash",
                  "v": {
                    "a": 0,
                    "k": 0,
                    "ix": 1
                  }
                },
                {
                  "n": "g",
                  "nm": "gap",
                  "v": {
                    "a": 0,
                    "k": 111,
                    "ix": 2
                  }
                },
                {
                  "n": "o",
                  "nm": "offset",
                  "v": {
                    "a": 0,
                    "k": 0,
                    "ix": 7
                  }
                }
              ],
              "nm": "Stroke 1",
              "mn": "ADBE Vector Graphic - Stroke",
              "hd": false
            },
            {
              "ty": "tr",
              "p": {
                "a": 0,
                "k": [
                  -0.5,
                  11.5
                ],
                "ix": 2
              },
              "a": {
                "a": 0,
                "k": [
                  0,
                  0
                ],
                "ix": 1
              },
              "s": {
                "a": 0,
                "k": [
                  100,
                  100
                ],
                "ix": 3
              },
              "r": {
                "a": 0,
                "k": 0,
                "ix": 6
              },
              "o": {
                "a": 0,
                "k": 100,
                "ix": 7
              },
              "sk": {
                "a": 0,
                "k": 0,
                "ix": 4
              },
              "sa": {
                "a": 0,
                "k": 0,
                "ix": 5
              },
              "nm": "Transform"
            }
          ],
          "nm": "Ellipse 1",
          "np": 2,
          "cix": 2,
          "bm": 0,
          "ix": 1,
          "mn": "ADBE Vector Group",
          "hd": false
        }
      ],
      "ip": 0,
      "op": 150,
      "st": 0,
      "bm": 0
    },
    {
      "ddd": 0,
      "ind": 2,
      "ty": 4,
      "nm": "BulbsCircle",
      "sr": 1,
      "ks": {
        "o": {
          "a": 0,
          "k": 100,
          "ix": 11
        },
        "r": {
          "a": 0,
          "k": 0,
          "ix": 10
        },
        "p": {
          "a": 0,
          "k": [
            99.843,
            95.164,
            0
          ],
          "ix": 2
        },
        "a": {
          "a": 0,
          "k": [
            0,
            0,
            0
          ],
          "ix": 1
        },
        "s": {
          "a": 1,
          "k": [
            {
              "i": {
                "x": [
                  0.833,
                  0.833,
                  0.833
                ],
                "y": [
                  0.833,
                  0.833,
                  0.833
                ]
              },
              "o": {
                "x": [
                  0.167,
                  0.167,
                  0.167
                ],
                "y": [
                  0.167,
                  0.167,
                  0.167
                ]
              },
              "t": 0,
              "s": [
                0,
                0,
                100
              ],
              "e": [
                0,
                0,
                100
              ]
            },
            {
              "i": {
                "x": [
                  0.833,
                  0.833,
                  0.833
                ],
                "y": [
                  0.833,
                  0.833,
                  0.833
                ]
              },
              "o": {
                "x": [
                  0.167,
                  0.167,
                  0.167
                ],
                "y": [
                  0.167,
                  0.167,
                  0.167
                ]
              },
              "t": 30,
              "s": [
                0,
                0,
                100
              ],
              "e": [
                60,
                60,
                100
              ]
            },
            {
              "i": {
                "x": [
                  0.833,
                  0.833,
                  0.833
                ],
                "y": [
                  0.833,
                  0.833,
                  0.833
                ]
              },
              "o": {
                "x": [
                  0.167,
                  0.167,
                  0.167
                ],
                "y": [
                  0.167,
                  0.167,
                  0.167
                ]
              },
              "t": 45,
              "s": [
                60,
                60,
                100
              ],
              "e": [
                157,
                157,
                100
              ]
            },
            {
              "t": 60
            }
          ],
          "ix": 6
        }
      },
      "ao": 0,
      "shapes": [
        {
          "ty": "gr",
          "it": [
            {
              "d": 1,
              "ty": "el",
              "s": {
                "a": 0,
                "k": [
                  172,
                  172
                ],
                "ix": 2
              },
              "p": {
                "a": 0,
                "k": [
                  0,
                  0
                ],
                "ix": 3
              },
              "nm": "Ellipse Path 1",
              "mn": "ADBE Vector Shape - Ellipse",
              "hd": false
            },
            {
              "ty": "st",
              "c": {
                "a": 0,
                "k": [
                  0.200000017881,
                  0.200000017881,
                  0.200000017881,
                  1
                ],
                "ix": 3
              },
              "o": {
                "a": 0,
                "k": 100,
                "ix": 4
              },
              "w": {
                "a": 1,
                "k": [
                  {
                    "i": {
                      "x": [
                        0.833
                      ],
                      "y": [
                        0.833
                      ]
                    },
                    "o": {
                      "x": [
                        0.167
                      ],
                      "y": [
                        0.167
                      ]
                    },
                    "t": 0,
                    "s": [
                      0
                    ],
                    "e": [
                      0
                    ]
                  },
                  {
                    "i": {
                      "x": [
                        0.833
                      ],
                      "y": [
                        0.833
                      ]
                    },
                    "o": {
                      "x": [
                        0.167
                      ],
                      "y": [
                        0.167
                      ]
                    },
                    "t": 30,
                    "s": [
                      0
                    ],
                    "e": [
                      15
                    ]
                  },
                  {
                    "i": {
                      "x": [
                        0.833
                      ],
                      "y": [
                        0.833
                      ]
                    },
                    "o": {
                      "x": [
                        0.167
                      ],
                      "y": [
                        0.167
                      ]
                    },
                    "t": 45,
                    "s": [
                      15
                    ],
                    "e": [
                      0
                    ]
                  },
                  {
                    "t": 60
                  }
                ],
                "ix": 5
              },
              "lc": 2,
              "lj": 1,
              "ml": 4,
              "bm": 0,
              "d": [
                {
                  "n": "d",
                  "nm": "dash",
                  "v": {
                    "a": 0,
                    "k": 0,
                    "ix": 1
                  }
                },
                {
                  "n": "g",
                  "nm": "gap",
                  "v": {
                    "a": 0,
                    "k": 111,
                    "ix": 2
                  }
                },
                {
                  "n": "o",
                  "nm": "offset",
                  "v": {
                    "a": 0,
                    "k": 0,
                    "ix": 7
                  }
                }
              ],
              "nm": "Stroke 1",
              "mn": "ADBE Vector Graphic - Stroke",
              "hd": false
            },
            {
              "ty": "tr",
              "p": {
                "a": 0,
                "k": [
                  -0.5,
                  11.5
                ],
                "ix": 2
              },
              "a": {
                "a": 0,
                "k": [
                  0,
                  0
                ],
                "ix": 1
              },
              "s": {
                "a": 0,
                "k": [
                  100,
                  100
                ],
                "ix": 3
              },
              "r": {
                "a": 0,
                "k": 0,
                "ix": 6
              },
              "o": {
                "a": 0,
                "k": 100,
                "ix": 7
              },
              "sk": {
                "a": 0,
                "k": 0,
                "ix": 4
              },
              "sa": {
                "a": 0,
                "k": 0,
                "ix": 5
              },
              "nm": "Transform"
            }
          ],
          "nm": "Ellipse 1",
          "np": 2,
          "cix": 2,
          "bm": 0,
          "ix": 1,
          "mn": "ADBE Vector Group",
          "hd": false
        }
      ],
      "ip": 0,
      "op": 150,
      "st": 0,
      "bm": 0
    },
    {
      "ddd": 0,
      "ind": 3,
      "ty": 4,
      "nm": "FirstCircl",
      "sr": 1,
      "ks": {
        "o": {
          "a": 0,
          "k": 100,
          "ix": 11
        },
        "r": {
          "a": 0,
          "k": 0,
          "ix": 10
        },
        "p": {
          "a": 0,
          "k": [
            99.664,
            97.967,
            0
          ],
          "ix": 2
        },
        "a": {
          "a": 0,
          "k": [
            -3.5,
            -1.5,
            0
          ],
          "ix": 1
        },
        "s": {
          "a": 1,
          "k": [
            {
              "i": {
                "x": [
                  0.833,
                  0.833,
                  0.833
                ],
                "y": [
                  0.833,
                  0.833,
                  0.833
                ]
              },
              "o": {
                "x": [
                  0.167,
                  0.167,
                  0.167
                ],
                "y": [
                  0.167,
                  0.167,
                  0.167
                ]
              },
              "t": 0,
              "s": [
                0,
                0,
                100
              ],
              "e": [
                100,
                100,
                100
              ]
            },
            {
              "t": 40
            }
          ],
          "ix": 6
        }
      },
      "ao": 0,
      "shapes": [
        {
          "ty": "gr",
          "it": [
            {
              "d": 1,
              "ty": "el",
              "s": {
                "a": 0,
                "k": [
                  112,
                  112
                ],
                "ix": 2
              },
              "p": {
                "a": 0,
                "k": [
                  0,
                  0
                ],
                "ix": 3
              },
              "nm": "Ellipse Path 1",
              "mn": "ADBE Vector Shape - Ellipse",
              "hd": false
            },
            {
              "ty": "st",
              "c": {
                "a": 0,
                "k": [
                  0.200000017881,
                  0.200000017881,
                  0.200000017881,
                  1
                ],
                "ix": 3
              },
              "o": {
                "a": 0,
                "k": 100,
                "ix": 4
              },
              "w": {
                "a": 1,
                "k": [
                  {
                    "i": {
                      "x": [
                        0.833
                      ],
                      "y": [
                        0.833
                      ]
                    },
                    "o": {
                      "x": [
                        0.167
                      ],
                      "y": [
                        0.167
                      ]
                    },
                    "t": 0,
                    "s": [
                      0
                    ],
                    "e": [
                      129
                    ]
                  },
                  {
                    "i": {
                      "x": [
                        0.833
                      ],
                      "y": [
                        0.833
                      ]
                    },
                    "o": {
                      "x": [
                        0.167
                      ],
                      "y": [
                        0.167
                      ]
                    },
                    "t": 26,
                    "s": [
                      129
                    ],
                    "e": [
                      0
                    ]
                  },
                  {
                    "t": 40
                  }
                ],
                "ix": 5
              },
              "lc": 1,
              "lj": 1,
              "ml": 4,
              "bm": 0,
              "nm": "Stroke 1",
              "mn": "ADBE Vector Graphic - Stroke",
              "hd": false
            },
            {
              "ty": "tr",
              "p": {
                "a": 0,
                "k": [
                  -3.5,
                  -0.5
                ],
                "ix": 2
              },
              "a": {
                "a": 0,
                "k": [
                  0,
                  0
                ],
                "ix": 1
              },
              "s": {
                "a": 0,
                "k": [
                  100,
                  100
                ],
                "ix": 3
              },
              "r": {
                "a": 0,
                "k": 0,
                "ix": 6
              },
              "o": {
                "a": 0,
                "k": 100,
                "ix": 7
              },
              "sk": {
                "a": 0,
                "k": 0,
                "ix": 4
              },
              "sa": {
                "a": 0,
                "k": 0,
                "ix": 5
              },
              "nm": "Transform"
            }
          ],
          "nm": "Ellipse 1",
          "np": 2,
          "cix": 2,
          "bm": 0,
          "ix": 1,
          "mn": "ADBE Vector Group",
          "hd": false
        }
      ],
      "ip": 0,
      "op": 150,
      "st": 0,
      "bm": 0
    },
    {
      "ddd": 0,
      "ind": 4,
      "ty": 4,
      "nm": "tarak",
      "sr": 1,
      "ks": {
        "o": {
          "a": 0,
          "k": 100,
          "ix": 11
        },
        "r": {
          "a": 0,
          "k": 0,
          "ix": 10
        },
        "p": {
          "a": 0,
          "k": [
            101.664,
            95.522,
            0
          ],
          "ix": 2
        },
        "a": {
          "a": 0,
          "k": [
            100,
            100,
            0
          ],
          "ix": 1
        },
        "s": {
          "a": 0,
          "k": [
            100,
            100,
            100
          ],
          "ix": 6
        }
      },
      "ao": 0,
      "shapes": [
        {
          "ty": "gr",
          "it": [
            {
              "ind": 0,
              "ty": "sh",
              "ix": 1,
              "ks": {
                "a": 0,
                "k": {
                  "i": [
                    [
                      0,
                      0
                    ],
                    [
                      0,
                      0
                    ],
                    [
                      0,
                      0
                    ],
                    [
                      0,
                      0
                    ],
                    [
                      0,
                      0
                    ],
                    [
                      0,
                      0
                    ]
                  ],
                  "o": [
                    [
                      0,
                      0
                    ],
                    [
                      0,
                      0
                    ],
                    [
                      0,
                      0
                    ],
                    [
                      0,
                      0
                    ],
                    [
                      0,
                      0
                    ],
                    [
                      0,
                      0
                    ]
                  ],
                  "v": [
                    [
                      0.406,
                      -37.938
                    ],
                    [
                      -14.5,
                      -26.25
                    ],
                    [
                      14.5,
                      -8.25
                    ],
                    [
                      -13.5,
                      5.75
                    ],
                    [
                      5.5,
                      21.75
                    ],
                    [
                      -0.25,
                      45.438
                    ]
                  ],
                  "c": false
                },
                "ix": 2
              },
              "nm": "Path 1",
              "mn": "ADBE Vector Shape - Group",
              "hd": false
            },
            {
              "ty": "st",
              "c": {
                "a": 1,
                "k": [
                  {
                    "i": {
                      "x": [
                        0.833
                      ],
                      "y": [
                        0.833
                      ]
                    },
                    "o": {
                      "x": [
                        0.167
                      ],
                      "y": [
                        0.167
                      ]
                    },
                    "t": 33,
                    "s": [
                      0.600000023842,
                      0.600000023842,
                      0.600000023842,
                      0.862745165825
                    ],
                    "e": [
                      1,
                      1,
                      1,
                      1
                    ]
                  },
                  {
                    "t": 34
                  }
                ],
                "ix": 3
              },
              "o": {
                "a": 0,
                "k": 100,
                "ix": 4
              },
              "w": {
                "a": 1,
                "k": [
                  {
                    "i": {
                      "x": [
                        0.833
                      ],
                      "y": [
                        0.833
                      ]
                    },
                    "o": {
                      "x": [
                        0.167
                      ],
                      "y": [
                        0.167
                      ]
                    },
                    "t": 0,
                    "s": [
                      1
                    ],
                    "e": [
                      1
                    ]
                  },
                  {
                    "i": {
                      "x": [
                        0.833
                      ],
                      "y": [
                        0.833
                      ]
                    },
                    "o": {
                      "x": [
                        0.167
                      ],
                      "y": [
                        0.167
                      ]
                    },
                    "t": 33,
                    "s": [
                      1
                    ],
                    "e": [
                      5
                    ]
                  },
                  {
                    "t": 34
                  }
                ],
                "ix": 5
              },
              "lc": 1,
              "lj": 1,
              "ml": 1,
              "bm": 0,
              "nm": "Stroke 1",
              "mn": "ADBE Vector Graphic - Stroke",
              "hd": false
            },
            {
              "ty": "tr",
              "p": {
                "a": 0,
                "k": [
                  98,
                  103.75
                ],
                "ix": 2
              },
              "a": {
                "a": 0,
                "k": [
                  0,
                  0
                ],
                "ix": 1
              },
              "s": {
                "a": 1,
                "k": [
                  {
                    "i": {
                      "x": [
                        0.833,
                        0.833
                      ],
                      "y": [
                        0.833,
                        0.833
                      ]
                    },
                    "o": {
                      "x": [
                        0.167,
                        0.167
                      ],
                      "y": [
                        0.167,
                        0.167
                      ]
                    },
                    "t": 0,
                    "s": [
                      100,
                      100
                    ],
                    "e": [
                      100,
                      100
                    ]
                  },
                  {
                    "i": {
                      "x": [
                        0.833,
                        0.833
                      ],
                      "y": [
                        0.833,
                        0.833
                      ]
                    },
                    "o": {
                      "x": [
                        0.167,
                        0.167
                      ],
                      "y": [
                        0.167,
                        0.167
                      ]
                    },
                    "t": 29,
                    "s": [
                      100,
                      100
                    ],
                    "e": [
                      0,
                      0
                    ]
                  },
                  {
                    "i": {
                      "x": [
                        0.833,
                        0.833
                      ],
                      "y": [
                        0.833,
                        0.833
                      ]
                    },
                    "o": {
                      "x": [
                        0.167,
                        0.167
                      ],
                      "y": [
                        0.167,
                        0.167
                      ]
                    },
                    "t": 30,
                    "s": [
                      0,
                      0
                    ],
                    "e": [
                      120,
                      130
                    ]
                  },
                  {
                    "i": {
                      "x": [
                        0.833,
                        0.833
                      ],
                      "y": [
                        0.833,
                        0.833
                      ]
                    },
                    "o": {
                      "x": [
                        0.167,
                        0.167
                      ],
                      "y": [
                        0.167,
                        0.167
                      ]
                    },
                    "t": 50,
                    "s": [
                      120,
                      130
                    ],
                    "e": [
                      90,
                      100
                    ]
                  },
                  {
                    "i": {
                      "x": [
                        0.833,
                        0.833
                      ],
                      "y": [
                        0.833,
                        0.833
                      ]
                    },
                    "o": {
                      "x": [
                        0.167,
                        0.167
                      ],
                      "y": [
                        0.167,
                        0.167
                      ]
                    },
                    "t": 60,
                    "s": [
                      90,
                      100
                    ],
                    "e": [
                      100,
                      110
                    ]
                  },
                  {
                    "t": 70
                  }
                ],
                "ix": 3
              },
              "r": {
                "a": 0,
                "k": 0,
                "ix": 6
              },
              "o": {
                "a": 0,
                "k": 100,
                "ix": 7
              },
              "sk": {
                "a": 0,
                "k": 0,
                "ix": 4
              },
              "sa": {
                "a": 0,
                "k": 0,
                "ix": 5
              },
              "nm": "Transform"
            }
          ],
          "nm": "Group 1",
          "np": 2,
          "cix": 2,
          "bm": 0,
          "ix": 1,
          "mn": "ADBE Vector Group",
          "hd": false
        }
      ],
      "ip": 0,
      "op": 150,
      "st": 0,
      "bm": 0
    },
    {
      "ddd": 0,
      "ind": 5,
      "ty": 4,
      "nm": "ghalb",
      "sr": 1,
      "ks": {
        "o": {
          "a": 0,
          "k": 100,
          "ix": 11
        },
        "r": {
          "a": 0,
          "k": 0,
          "ix": 10
        },
        "p": {
          "a": 0,
          "k": [
            99.664,
            99.272,
            0
          ],
          "ix": 2
        },
        "a": {
          "a": 0,
          "k": [
            100,
            100,
            0
          ],
          "ix": 1
        },
        "s": {
          "a": 1,
          "k": [
            {
              "i": {
                "x": [
                  0.833,
                  0.833,
                  0.833
                ],
                "y": [
                  0.833,
                  0.833,
                  0.833
                ]
              },
              "o": {
                "x": [
                  0.167,
                  0.167,
                  0.167
                ],
                "y": [
                  0.167,
                  0.167,
                  0.167
                ]
              },
              "t": 0,
              "s": [
                0,
                0,
                100
              ],
              "e": [
                0,
                0,
                100
              ]
            },
            {
              "i": {
                "x": [
                  0.833,
                  0.833,
                  0.833
                ],
                "y": [
                  0.833,
                  0.833,
                  0.833
                ]
              },
              "o": {
                "x": [
                  0.167,
                  0.167,
                  0.167
                ],
                "y": [
                  0.167,
                  0.167,
                  0.167
                ]
              },
              "t": 30,
              "s": [
                0,
                0,
                100
              ],
              "e": [
                120,
                120,
                100
              ]
            },
            {
              "i": {
                "x": [
                  0.833,
                  0.833,
                  0.833
                ],
                "y": [
                  0.833,
                  0.833,
                  0.833
                ]
              },
              "o": {
                "x": [
                  0.167,
                  0.167,
                  0.167
                ],
                "y": [
                  0.167,
                  0.167,
                  0.167
                ]
              },
              "t": 50,
              "s": [
                120,
                120,
                100
              ],
              "e": [
                90,
                90,
                100
              ]
            },
            {
              "i": {
                "x": [
                  0.833,
                  0.833,
                  0.833
                ],
                "y": [
                  0.833,
                  0.833,
                  0.833
                ]
              },
              "o": {
                "x": [
                  0.167,
                  0.167,
                  0.167
                ],
                "y": [
                  0.167,
                  0.167,
                  0.167
                ]
              },
              "t": 60,
              "s": [
                90,
                90,
                100
              ],
              "e": [
                100,
                100,
                100
              ]
            },
            {
              "t": 70
            }
          ],
          "ix": 6
        }
      },
      "ao": 0,
      "shapes": [
        {
          "ty": "gr",
          "it": [
            {
              "ind": 0,
              "ty": "sh",
              "ix": 1,
              "ks": {
                "a": 0,
                "k": {
                  "i": [
                    [
                      11.628,
                      -11.627
                    ],
                    [
                      0,
                      0
                    ],
                    [
                      0,
                      0
                    ],
                    [
                      -11.627,
                      11.628
                    ],
                    [
                      -11.687,
                      -10.817
                    ],
                    [
                      -11.354,
                      -11.365
                    ]
                  ],
                  "o": [
                    [
                      0,
                      0
                    ],
                    [
                      0,
                      0
                    ],
                    [
                      -11.627,
                      -11.627
                    ],
                    [
                      11.353,
                      -11.365
                    ],
                    [
                      11.686,
                      -10.817
                    ],
                    [
                      11.628,
                      11.628
                    ]
                  ],
                  "v": [
                    [
                      41.279,
                      6.231
                    ],
                    [
                      0,
                      47.51
                    ],
                    [
                      -41.28,
                      6.231
                    ],
                    [
                      -41.28,
                      -35.883
                    ],
                    [
                      0,
                      -36.693
                    ],
                    [
                      41.279,
                      -35.883
                    ]
                  ],
                  "c": true
                },
                "ix": 2
              },
              "nm": "Path 1",
              "mn": "ADBE Vector Shape - Group",
              "hd": false
            },
            {
              "ty": "fl",
              "c": {
                "a": 0,
                "k": [
                  0.2,
                  0.2,
                  0.2,
                  1
                ],
                "ix": 4
              },
              "o": {
                "a": 0,
                "k": 100,
                "ix": 5
              },
              "r": 1,
              "bm": 0,
              "nm": "Fill 1",
              "mn": "ADBE Vector Graphic - Fill",
              "hd": false
            },
            {
              "ty": "tr",
              "p": {
                "a": 0,
                "k": [
                  100,
                  98.55
                ],
                "ix": 2
              },
              "a": {
                "a": 0,
                "k": [
                  0,
                  0
                ],
                "ix": 1
              },
              "s": {
                "a": 0,
                "k": [
                  100,
                  100
                ],
                "ix": 3
              },
              "r": {
                "a": 0,
                "k": 0,
                "ix": 6
              },
              "o": {
                "a": 0,
                "k": 100,
                "ix": 7
              },
              "sk": {
                "a": 0,
                "k": 0,
                "ix": 4
              },
              "sa": {
                "a": 0,
                "k": 0,
                "ix": 5
              },
              "nm": "Transform"
            }
          ],
          "nm": "Group 1",
          "np": 2,
          "cix": 2,
          "bm": 0,
          "ix": 1,
          "mn": "ADBE Vector Group",
          "hd": false
        }
      ],
      "ip": 0,
      "op": 150,
      "st": 0,
      "bm": 0
    },
    {
      "ddd": 0,
      "ind": 6,
      "ty": 4,
      "nm": "dore ghalb",
      "sr": 1,
      "ks": {
        "o": {
          "a": 1,
          "k": [
            {
              "i": {
                "x": [
                  0.833
                ],
                "y": [
                  0.833
                ]
              },
              "o": {
                "x": [
                  0.167
                ],
                "y": [
                  0.167
                ]
              },
              "t": 30,
              "s": [
                100
              ],
              "e": [
                0
              ]
            },
            {
              "t": 36
            }
          ],
          "ix": 11
        },
        "r": {
          "a": 0,
          "k": 0,
          "ix": 10
        },
        "p": {
          "a": 0,
          "k": [
            99.664,
            99.272,
            0
          ],
          "ix": 2
        },
        "a": {
          "a": 0,
          "k": [
            100,
            100,
            0
          ],
          "ix": 1
        },
        "s": {
          "a": 0,
          "k": [
            100,
            100,
            100
          ],
          "ix": 6
        }
      },
      "ao": 0,
      "shapes": [
        {
          "ty": "gr",
          "it": [
            {
              "ind": 0,
              "ty": "sh",
              "ix": 1,
              "ks": {
                "a": 0,
                "k": {
                  "i": [
                    [
                      7.62,
                      0
                    ],
                    [
                      5.703,
                      -5.278
                    ],
                    [
                      7.262,
                      0
                    ],
                    [
                      5.813,
                      -5.819
                    ],
                    [
                      -11.627,
                      -11.628
                    ],
                    [
                      0,
                      0
                    ],
                    [
                      0,
                      0
                    ],
                    [
                      11.628,
                      11.627
                    ]
                  ],
                  "o": [
                    [
                      -7.261,
                      0
                    ],
                    [
                      -5.703,
                      -5.278
                    ],
                    [
                      -7.62,
                      0
                    ],
                    [
                      -11.627,
                      11.627
                    ],
                    [
                      0,
                      0
                    ],
                    [
                      0,
                      0
                    ],
                    [
                      11.628,
                      -11.628
                    ],
                    [
                      -5.814,
                      -5.82
                    ]
                  ],
                  "v": [
                    [
                      20.225,
                      -46.061
                    ],
                    [
                      -0.001,
                      -38.142
                    ],
                    [
                      -20.226,
                      -46.061
                    ],
                    [
                      -41.28,
                      -37.332
                    ],
                    [
                      -41.28,
                      4.782
                    ],
                    [
                      -0.001,
                      46.061
                    ],
                    [
                      41.279,
                      4.782
                    ],
                    [
                      41.279,
                      -37.332
                    ]
                  ],
                  "c": true
                },
                "ix": 2
              },
              "nm": "Path 1",
              "mn": "ADBE Vector Shape - Group",
              "hd": false
            },
            {
              "ind": 1,
              "ty": "sh",
              "ix": 2,
              "ks": {
                "a": 0,
                "k": {
                  "i": [
                    [
                      0,
                      0
                    ],
                    [
                      0,
                      0
                    ],
                    [
                      -5.434,
                      -5.44
                    ],
                    [
                      11.22,
                      -11.221
                    ],
                    [
                      0,
                      0
                    ],
                    [
                      0,
                      0
                    ],
                    [
                      -11.221,
                      11.221
                    ],
                    [
                      -7.687,
                      0
                    ],
                    [
                      -5.331,
                      -4.935
                    ],
                    [
                      0,
                      0
                    ],
                    [
                      0,
                      0
                    ],
                    [
                      -7.273,
                      0
                    ]
                  ],
                  "o": [
                    [
                      0,
                      0
                    ],
                    [
                      7.687,
                      0
                    ],
                    [
                      11.22,
                      11.22
                    ],
                    [
                      0,
                      0
                    ],
                    [
                      0,
                      0
                    ],
                    [
                      -11.221,
                      -11.221
                    ],
                    [
                      5.434,
                      -5.439
                    ],
                    [
                      7.273,
                      0
                    ],
                    [
                      0,
                      0
                    ],
                    [
                      0,
                      0
                    ],
                    [
                      5.331,
                      -4.935
                    ],
                    [
                      0,
                      0
                    ]
                  ],
                  "v": [
                    [
                      20.225,
                      -46.061
                    ],
                    [
                      20.225,
                      -45.061
                    ],
                    [
                      40.572,
                      -36.624
                    ],
                    [
                      40.572,
                      4.075
                    ],
                    [
                      -0.001,
                      44.646
                    ],
                    [
                      -40.573,
                      4.075
                    ],
                    [
                      -40.573,
                      -36.625
                    ],
                    [
                      -20.226,
                      -45.061
                    ],
                    [
                      -0.68,
                      -37.408
                    ],
                    [
                      -0.001,
                      -36.779
                    ],
                    [
                      0.679,
                      -37.408
                    ],
                    [
                      20.225,
                      -45.061
                    ]
                  ],
                  "c": true
                },
                "ix": 2
              },
              "nm": "Path 2",
              "mn": "ADBE Vector Shape - Group",
              "hd": false
            },
            {
              "ty": "mm",
              "mm": 1,
              "nm": "Merge Paths 1",
              "mn": "ADBE Vector Filter - Merge",
              "hd": false
            },
            {
              "ty": "fl",
              "c": {
                "a": 0,
                "k": [
                  0.6,
                  0.6,
                  0.6,
                  1
                ],
                "ix": 4
              },
              "o": {
                "a": 0,
                "k": 100,
                "ix": 5
              },
              "r": 1,
              "bm": 0,
              "nm": "Fill 1",
              "mn": "ADBE Vector Graphic - Fill",
              "hd": false
            },
            {
              "ty": "tr",
              "p": {
                "a": 0,
                "k": [
                  100.001,
                  100
                ],
                "ix": 2
              },
              "a": {
                "a": 0,
                "k": [
                  0,
                  0
                ],
                "ix": 1
              },
              "s": {
                "a": 0,
                "k": [
                  100,
                  100
                ],
                "ix": 3
              },
              "r": {
                "a": 0,
                "k": 0,
                "ix": 6
              },
              "o": {
                "a": 0,
                "k": 100,
                "ix": 7
              },
              "sk": {
                "a": 0,
                "k": 0,
                "ix": 4
              },
              "sa": {
                "a": 0,
                "k": 0,
                "ix": 5
              },
              "nm": "Transform"
            }
          ],
          "nm": "Group 1",
          "np": 4,
          "cix": 2,
          "bm": 0,
          "ix": 1,
          "mn": "ADBE Vector Group",
          "hd": false
        }
      ],
      "ip": 0,
      "op": 150,
      "st": 0,
      "bm": 0
    }
  ],
  "markers": []
}