{
  "v": "5.5.7",
  "meta": {
    "g": "LottieFiles AE 0.1.20",
    "a": "",
    "k": "",
    "d": "",
    "tc": ""
  },
  "fr": 30,
  "ip": 0,
  "op": 80,
  "w": 500,
  "h": 500,
  "nm": "exclamação animation",
  "ddd": 0,
  "assets": [],
  "layers": [
    {
      "ddd": 0,
      "ind": 1,
      "ty": 4,
      "nm": "exclamation",
      "sr": 1,
      "ks": {
        "o": {
          "a": 0,
          "k": 100,
          "ix": 11
        },
        "r": {
          "a": 0,
          "k": 0,
          "ix": 10
        },
        "p": {
          "a": 1,
          "k": [
            {
              "i": {
                "x": 0.667,
                "y": 1
              },
              "o": {
                "x": 0.333,
                "y": 0
              },
              "t": 7,
              "s": [
                258.4,
                231.36,
                0
              ],
              "to": [
                0,
                -1.06,
                0
              ],
              "ti": [
                0,
                0,
                0
              ]
            },
            {
              "i": {
                "x": 0.667,
                "y": 1
              },
              "o": {
                "x": 0.333,
                "y": 0
              },
              "t": 10,
              "s": [
                258.4,
                225,
                0
              ],
              "to": [
                0,
                0,
                0
              ],
              "ti": [
                0,
                -1.06,
                0
              ]
            },
            {
              "i": {
                "x": 0.833,
                "y": 1
              },
              "o": {
                "x": 0.167,
                "y": 0
              },
              "t": 13,
              "s": [
                258.4,
                231.36,
                0
              ],
              "to": [
                0,
                1.06,
                0
              ],
              "ti": [
                0,
                1.06,
                0
              ]
            },
            {
              "i": {
                "x": 0.667,
                "y": 1
              },
              "o": {
                "x": 0.333,
                "y": 0
              },
              "t": 41,
              "s": [
                258.4,
                231.36,
                0
              ],
              "to": [
                0,
                -1.06,
                0
              ],
              "ti": [
                0,
                0,
                0
              ]
            },
            {
              "i": {
                "x": 0.667,
                "y": 1
              },
              "o": {
                "x": 0.333,
                "y": 0
              },
              "t": 44,
              "s": [
                258.4,
                225,
                0
              ],
              "to": [
                0,
                0,
                0
              ],
              "ti": [
                0,
                -1.06,
                0
              ]
            },
            {
              "t": 47,
              "s": [
                258.4,
                231.36,
                0
              ]
            }
          ],
          "ix": 2
        },
        "a": {
          "a": 0,
          "k": [
            16.613,
            83.692,
            0
          ],
          "ix": 1
        },
        "s": {
          "a": 1,
          "k": [
            {
              "i": {
                "x": [
                  0.667,
                  0.667,
                  0.667
                ],
                "y": [
                  1,
                  1,
                  1
                ]
              },
              "o": {
                "x": [
                  0.333,
                  0.333,
                  0.333
                ],
                "y": [
                  0,
                  0,
                  0
                ]
              },
              "t": 7,
              "s": [
                90,
                90,
                100
              ]
            },
            {
              "i": {
                "x": [
                  0.667,
                  0.667,
                  0.667
                ],
                "y": [
                  1,
                  1,
                  1
                ]
              },
              "o": {
                "x": [
                  0.333,
                  0.333,
                  0.333
                ],
                "y": [
                  0,
                  0,
                  0
                ]
              },
              "t": 10,
              "s": [
                93,
                93,
                100
              ]
            },
            {
              "i": {
                "x": [
                  0.833,
                  0.833,
                  0.833
                ],
                "y": [
                  1,
                  1,
                  1
                ]
              },
              "o": {
                "x": [
                  0.167,
                  0.167,
                  0.167
                ],
                "y": [
                  0,
                  0,
                  0
                ]
              },
              "t": 13,
              "s": [
                90,
                90,
                100
              ]
            },
            {
              "i": {
                "x": [
                  0.667,
                  0.667,
                  0.667
                ],
                "y": [
                  1,
                  1,
                  1
                ]
              },
              "o": {
                "x": [
                  0.333,
                  0.333,
                  0.333
                ],
                "y": [
                  0,
                  0,
                  0
                ]
              },
              "t": 41,
              "s": [
                90,
                90,
                100
              ]
            },
            {
              "i": {
                "x": [
                  0.667,
                  0.667,
                  0.667
                ],
                "y": [
                  1,
                  1,
                  1
                ]
              },
              "o": {
                "x": [
                  0.333,
                  0.333,
                  0.333
                ],
                "y": [
                  0,
                  0,
                  0
                ]
              },
              "t": 44,
              "s": [
                93,
                93,
                100
              ]
            },
            {
              "t": 47,
              "s": [
                90,
                90,
                100
              ]
            }
          ],
          "ix": 6
        }
      },
      "ao": 0,
      "shapes": [
        {
          "ty": "gr",
          "it": [
            {
              "ind": 0,
              "ty": "sh",
              "ix": 1,
              "ks": {
                "a": 0,
                "k": {
                  "i": [
                    [
                      9.037,
                      0
                    ],
                    [
                      0,
                      0
                    ],
                    [
                      0,
                      9.038
                    ],
                    [
                      -9.037,
                      0
                    ],
                    [
                      0,
                      -9.037
                    ]
                  ],
                  "o": [
                    [
                      0,
                      0
                    ],
                    [
                      -9.037,
                      0
                    ],
                    [
                      0,
                      -9.037
                    ],
                    [
                      9.037,
                      0
                    ],
                    [
                      0,
                      9.038
                    ]
                  ],
                  "v": [
                    [
                      0,
                      16.363
                    ],
                    [
                      0,
                      16.363
                    ],
                    [
                      -16.363,
                      0
                    ],
                    [
                      0,
                      -16.363
                    ],
                    [
                      16.363,
                      0
                    ]
                  ],
                  "c": true
                },
                "ix": 2
              },
              "nm": "Path 1",
              "mn": "ADBE Vector Shape - Group",
              "hd": false
            },
            {
              "ty": "fl",
              "c": {
                "a": 0,
                "k": [
                  1,
                  1,
                  1,
                  1
                ],
                "ix": 4
              },
              "o": {
                "a": 0,
                "k": 100,
                "ix": 5
              },
              "r": 1,
              "bm": 0,
              "nm": "Fill 1",
              "mn": "ADBE Vector Graphic - Fill",
              "hd": false
            },
            {
              "ty": "tr",
              "p": {
                "a": 0,
                "k": [
                  16.613,
                  150.771
                ],
                "ix": 2
              },
              "a": {
                "a": 0,
                "k": [
                  0,
                  0
                ],
                "ix": 1
              },
              "s": {
                "a": 0,
                "k": [
                  100,
                  100
                ],
                "ix": 3
              },
              "r": {
                "a": 0,
                "k": 0,
                "ix": 6
              },
              "o": {
                "a": 0,
                "k": 100,
                "ix": 7
              },
              "sk": {
                "a": 0,
                "k": 0,
                "ix": 4
              },
              "sa": {
                "a": 0,
                "k": 0,
                "ix": 5
              },
              "nm": "Transform"
            }
          ],
          "nm": "Group 1",
          "np": 2,
          "cix": 2,
          "bm": 0,
          "ix": 1,
          "mn": "ADBE Vector Group",
          "hd": false
        },
        {
          "ty": "gr",
          "it": [
            {
              "ind": 0,
              "ty": "sh",
              "ix": 1,
              "ks": {
                "a": 0,
                "k": {
                  "i": [
                    [
                      8.134,
                      0
                    ],
                    [
                      0,
                      0
                    ],
                    [
                      0,
                      8.134
                    ],
                    [
                      0,
                      0
                    ],
                    [
                      -8.133,
                      0
                    ],
                    [
                      0,
                      -8.134
                    ],
                    [
                      0,
                      0
                    ]
                  ],
                  "o": [
                    [
                      0,
                      0
                    ],
                    [
                      -8.133,
                      0
                    ],
                    [
                      0,
                      0
                    ],
                    [
                      0,
                      -8.134
                    ],
                    [
                      8.134,
                      0
                    ],
                    [
                      0,
                      0
                    ],
                    [
                      0,
                      8.134
                    ]
                  ],
                  "v": [
                    [
                      0,
                      59.999
                    ],
                    [
                      0,
                      59.999
                    ],
                    [
                      -14.727,
                      45.271
                    ],
                    [
                      -14.727,
                      -45.271
                    ],
                    [
                      0,
                      -59.999
                    ],
                    [
                      14.727,
                      -45.271
                    ],
                    [
                      14.727,
                      45.271
                    ]
                  ],
                  "c": true
                },
                "ix": 2
              },
              "nm": "Path 1",
              "mn": "ADBE Vector Shape - Group",
              "hd": false
            },
            {
              "ty": "fl",
              "c": {
                "a": 0,
                "k": [
                  1,
                  1,
                  1,
                  1
                ],
                "ix": 4
              },
              "o": {
                "a": 0,
                "k": 100,
                "ix": 5
              },
              "r": 1,
              "bm": 0,
              "nm": "Fill 1",
              "mn": "ADBE Vector Graphic - Fill",
              "hd": false
            },
            {
              "ty": "tr",
              "p": {
                "a": 0,
                "k": [
                  16.613,
                  60.249
                ],
                "ix": 2
              },
              "a": {
                "a": 0,
                "k": [
                  0,
                  0
                ],
                "ix": 1
              },
              "s": {
                "a": 0,
                "k": [
                  100,
                  100
                ],
                "ix": 3
              },
              "r": {
                "a": 0,
                "k": 0,
                "ix": 6
              },
              "o": {
                "a": 0,
                "k": 100,
                "ix": 7
              },
              "sk": {
                "a": 0,
                "k": 0,
                "ix": 4
              },
              "sa": {
                "a": 0,
                "k": 0,
                "ix": 5
              },
              "nm": "Transform"
            }
          ],
          "nm": "Group 2",
          "np": 2,
          "cix": 2,
          "bm": 0,
          "ix": 2,
          "mn": "ADBE Vector Group",
          "hd": false
        }
      ],
      "ip": 0,
      "op": 80,
      "st": 0,
      "bm": 0
    },
    {
      "ddd": 0,
      "ind": 2,
      "ty": 4,
      "nm": "stroke circle",
      "sr": 1,
      "ks": {
        "o": {
          "a": 0,
          "k": 100,
          "ix": 11
        },
        "r": {
          "a": 0,
          "k": 0,
          "ix": 10
        },
        "p": {
          "a": 0,
          "k": [
            258.4,
            231.36,
            0
          ],
          "ix": 2
        },
        "a": {
          "a": 0,
          "k": [
            146,
            146,
            0
          ],
          "ix": 1
        },
        "s": {
          "a": 0,
          "k": [
            100,
            100,
            100
          ],
          "ix": 6
        }
      },
      "ao": 0,
      "shapes": [
        {
          "ty": "gr",
          "it": [
            {
              "ind": 0,
              "ty": "sh",
              "ix": 1,
              "ks": {
                "a": 0,
                "k": {
                  "i": [
                    [
                      -77.872,
                      0
                    ],
                    [
                      0,
                      -77.872
                    ],
                    [
                      77.872,
                      0
                    ],
                    [
                      0,
                      77.872
                    ]
                  ],
                  "o": [
                    [
                      77.872,
                      0
                    ],
                    [
                      0,
                      77.872
                    ],
                    [
                      -77.872,
                      0
                    ],
                    [
                      0,
                      -77.872
                    ]
                  ],
                  "v": [
                    [
                      0,
                      -141
                    ],
                    [
                      141,
                      0
                    ],
                    [
                      0,
                      141
                    ],
                    [
                      -141,
                      0
                    ]
                  ],
                  "c": true
                },
                "ix": 2
              },
              "nm": "Path 1",
              "mn": "ADBE Vector Shape - Group",
              "hd": false
            },
            {
              "ty": "st",
              "c": {
                "a": 0,
                "k": [
                  0.952999997606,
                  0.340999977261,
                  0.301999978458,
                  1
                ],
                "ix": 3
              },
              "o": {
                "a": 0,
                "k": 100,
                "ix": 4
              },
              "w": {
                "a": 0,
                "k": 3,
                "ix": 5
              },
              "lc": 1,
              "lj": 1,
              "ml": 10,
              "bm": 0,
              "nm": "Stroke 1",
              "mn": "ADBE Vector Graphic - Stroke",
              "hd": false
            },
            {
              "ty": "tr",
              "p": {
                "a": 0,
                "k": [
                  146,
                  146
                ],
                "ix": 2
              },
              "a": {
                "a": 0,
                "k": [
                  0,
                  0
                ],
                "ix": 1
              },
              "s": {
                "a": 1,
                "k": [
                  {
                    "i": {
                      "x": [
                        0.667,
                        0.667
                      ],
                      "y": [
                        1,
                        1
                      ]
                    },
                    "o": {
                      "x": [
                        0.333,
                        0.333
                      ],
                      "y": [
                        0,
                        0
                      ]
                    },
                    "t": 30,
                    "s": [
                      90,
                      90
                    ]
                  },
                  {
                    "t": 78,
                    "s": [
                      120,
                      120
                    ]
                  }
                ],
                "ix": 3
              },
              "r": {
                "a": 0,
                "k": 0,
                "ix": 6
              },
              "o": {
                "a": 1,
                "k": [
                  {
                    "i": {
                      "x": [
                        0.667
                      ],
                      "y": [
                        1
                      ]
                    },
                    "o": {
                      "x": [
                        0.333
                      ],
                      "y": [
                        0
                      ]
                    },
                    "t": 30,
                    "s": [
                      90
                    ]
                  },
                  {
                    "t": 79,
                    "s": [
                      0
                    ]
                  }
                ],
                "ix": 7
              },
              "sk": {
                "a": 0,
                "k": 0,
                "ix": 4
              },
              "sa": {
                "a": 0,
                "k": 0,
                "ix": 5
              },
              "nm": "Transform"
            }
          ],
          "nm": "Group 1",
          "np": 2,
          "cix": 2,
          "bm": 0,
          "ix": 1,
          "mn": "ADBE Vector Group",
          "hd": false
        }
      ],
      "ip": 0,
      "op": 90,
      "st": 0,
      "bm": 0
    },
    {
      "ddd": 0,
      "ind": 3,
      "ty": 4,
      "nm": "stroke circle 2",
      "sr": 1,
      "ks": {
        "o": {
          "a": 0,
          "k": 100,
          "ix": 11
        },
        "r": {
          "a": 0,
          "k": 0,
          "ix": 10
        },
        "p": {
          "a": 0,
          "k": [
            258.4,
            231.36,
            0
          ],
          "ix": 2
        },
        "a": {
          "a": 0,
          "k": [
            146,
            146,
            0
          ],
          "ix": 1
        },
        "s": {
          "a": 0,
          "k": [
            100,
            100,
            100
          ],
          "ix": 6
        }
      },
      "ao": 0,
      "shapes": [
        {
          "ty": "gr",
          "it": [
            {
              "ind": 0,
              "ty": "sh",
              "ix": 1,
              "ks": {
                "a": 0,
                "k": {
                  "i": [
                    [
                      -77.872,
                      0
                    ],
                    [
                      0,
                      -77.872
                    ],
                    [
                      77.872,
                      0
                    ],
                    [
                      0,
                      77.872
                    ]
                  ],
                  "o": [
                    [
                      77.872,
                      0
                    ],
                    [
                      0,
                      77.872
                    ],
                    [
                      -77.872,
                      0
                    ],
                    [
                      0,
                      -77.872
                    ]
                  ],
                  "v": [
                    [
                      0,
                      -141
                    ],
                    [
                      141,
                      0
                    ],
                    [
                      0,
                      141
                    ],
                    [
                      -141,
                      0
                    ]
                  ],
                  "c": true
                },
                "ix": 2
              },
              "nm": "Path 1",
              "mn": "ADBE Vector Shape - Group",
              "hd": false
            },
            {
              "ty": "st",
              "c": {
                "a": 0,
                "k": [
                  0.952999997606,
                  0.340999977261,
                  0.301999978458,
                  1
                ],
                "ix": 3
              },
              "o": {
                "a": 0,
                "k": 100,
                "ix": 4
              },
              "w": {
                "a": 0,
                "k": 3,
                "ix": 5
              },
              "lc": 1,
              "lj": 1,
              "ml": 10,
              "bm": 0,
              "nm": "Stroke 1",
              "mn": "ADBE Vector Graphic - Stroke",
              "hd": false
            },
            {
              "ty": "tr",
              "p": {
                "a": 0,
                "k": [
                  146,
                  146
                ],
                "ix": 2
              },
              "a": {
                "a": 0,
                "k": [
                  0,
                  0
                ],
                "ix": 1
              },
              "s": {
                "a": 1,
                "k": [
                  {
                    "i": {
                      "x": [
                        0.667,
                        0.667
                      ],
                      "y": [
                        1,
                        1
                      ]
                    },
                    "o": {
                      "x": [
                        0.333,
                        0.333
                      ],
                      "y": [
                        0,
                        0
                      ]
                    },
                    "t": 0,
                    "s": [
                      90,
                      90
                    ]
                  },
                  {
                    "t": 48,
                    "s": [
                      120,
                      120
                    ]
                  }
                ],
                "ix": 3
              },
              "r": {
                "a": 0,
                "k": 0,
                "ix": 6
              },
              "o": {
                "a": 1,
                "k": [
                  {
                    "i": {
                      "x": [
                        0.667
                      ],
                      "y": [
                        1
                      ]
                    },
                    "o": {
                      "x": [
                        0.333
                      ],
                      "y": [
                        0
                      ]
                    },
                    "t": 0,
                    "s": [
                      90
                    ]
                  },
                  {
                    "t": 49,
                    "s": [
                      0
                    ]
                  }
                ],
                "ix": 7
              },
              "sk": {
                "a": 0,
                "k": 0,
                "ix": 4
              },
              "sa": {
                "a": 0,
                "k": 0,
                "ix": 5
              },
              "nm": "Transform"
            }
          ],
          "nm": "Group 1",
          "np": 2,
          "cix": 2,
          "bm": 0,
          "ix": 1,
          "mn": "ADBE Vector Group",
          "hd": false
        }
      ],
      "ip": 0,
      "op": 90,
      "st": 0,
      "bm": 0
    },
    {
      "ddd": 0,
      "ind": 4,
      "ty": 4,
      "nm": "circle",
      "sr": 1,
      "ks": {
        "o": {
          "a": 0,
          "k": 100,
          "ix": 11
        },
        "r": {
          "a": 0,
          "k": 0,
          "ix": 10
        },
        "p": {
          "a": 0,
          "k": [
            258.4,
            231.36,
            0
          ],
          "ix": 2
        },
        "a": {
          "a": 0,
          "k": [
            130.82,
            130.82,
            0
          ],
          "ix": 1
        },
        "s": {
          "a": 0,
          "k": [
            100,
            100,
            100
          ],
          "ix": 6
        }
      },
      "ao": 0,
      "shapes": [
        {
          "ty": "gr",
          "it": [
            {
              "ind": 0,
              "ty": "sh",
              "ix": 1,
              "ks": {
                "a": 0,
                "k": {
                  "i": [
                    [
                      -72.112,
                      0
                    ],
                    [
                      0,
                      -72.112
                    ],
                    [
                      72.111,
                      0
                    ],
                    [
                      0,
                      72.111
                    ]
                  ],
                  "o": [
                    [
                      72.111,
                      0
                    ],
                    [
                      0,
                      72.111
                    ],
                    [
                      -72.112,
                      0
                    ],
                    [
                      0,
                      -72.112
                    ]
                  ],
                  "v": [
                    [
                      0,
                      -130.57
                    ],
                    [
                      130.57,
                      0
                    ],
                    [
                      0,
                      130.57
                    ],
                    [
                      -130.57,
                      0
                    ]
                  ],
                  "c": true
                },
                "ix": 2
              },
              "nm": "Path 1",
              "mn": "ADBE Vector Shape - Group",
              "hd": false
            },
            {
              "ty": "fl",
              "c": {
                "a": 0,
                "k": [
                  0.952999997606,
                  0.340999977261,
                  0.301999978458,
                  1
                ],
                "ix": 4
              },
              "o": {
                "a": 0,
                "k": 100,
                "ix": 5
              },
              "r": 1,
              "bm": 0,
              "nm": "Fill 1",
              "mn": "ADBE Vector Graphic - Fill",
              "hd": false
            },
            {
              "ty": "tr",
              "p": {
                "a": 0,
                "k": [
                  130.82,
                  130.82
                ],
                "ix": 2
              },
              "a": {
                "a": 0,
                "k": [
                  0,
                  0
                ],
                "ix": 1
              },
              "s": {
                "a": 0,
                "k": [
                  100,
                  100
                ],
                "ix": 3
              },
              "r": {
                "a": 0,
                "k": 0,
                "ix": 6
              },
              "o": {
                "a": 0,
                "k": 100,
                "ix": 7
              },
              "sk": {
                "a": 0,
                "k": 0,
                "ix": 4
              },
              "sa": {
                "a": 0,
                "k": 0,
                "ix": 5
              },
              "nm": "Transform"
            }
          ],
          "nm": "Group 1",
          "np": 2,
          "cix": 2,
          "bm": 0,
          "ix": 1,
          "mn": "ADBE Vector Group",
          "hd": false
        }
      ],
      "ip": 0,
      "op": 90,
      "st": 0,
      "bm": 0
    }
  ],
  "markers": []
}