{
  "v": "4.10.1",
  "fr": 25,
  "ip": 0,
  "op": 75,
  "w": 75,
  "h": 75,
  "nm": "Heart spark",
  "ddd": 0,
  "assets": [],
  "layers": [
    {
      "ddd": 0,
      "ind": 1,
      "ty": 4,
      "nm": "Shape Layer 2",
      "sr": 1,
      "ks": {
        "o": {
          "a": 1,
          "k": [
            {
              "i": {
                "x": [
                  0.833
                ],
                "y": [
                  0.833
                ]
              },
              "o": {
                "x": [
                  0.167
                ],
                "y": [
                  0.167
                ]
              },
              "n": [
                "0p833_0p833_0p167_0p167"
              ],
              "t": 20,
              "s": [
                100
              ],
              "e": [
                0
              ]
            },
            {
              "t": 27
            }
          ],
          "ix": 11
        },
        "r": {
          "a": 0,
          "k": 0,
          "ix": 10
        },
        "p": {
          "a": 1,
          "k": [
            {
              "i": {
                "x": 0.232,
                "y": 1
              },
              "o": {
                "x": 0,
                "y": 0
              },
              "n": "0p232_1_0_0",
              "t": 8,
              "s": [
                37.5,
                37.5,
                0
              ],
              "e": [
                8.5,
                37.5,
                0
              ],
              "to": [
                -4.83333349227905,
                0,
                0
              ],
              "ti": [
                4.83333349227905,
                0,
                0
              ]
            },
            {
              "t": 22
            }
          ],
          "ix": 2
        },
        "a": {
          "a": 0,
          "k": [
            0,
            0,
            0
          ],
          "ix": 1
        },
        "s": {
          "a": 1,
          "k": [
            {
              "i": {
                "x": [
                  0.667,
                  0.667,
                  0.667
                ],
                "y": [
                  1,
                  1,
                  1
                ]
              },
              "o": {
                "x": [
                  0.167,
                  0.167,
                  0.167
                ],
                "y": [
                  0.167,
                  0.167,
                  4.167
                ]
              },
              "n": [
                "0p667_1_0p167_0p167",
                "0p667_1_0p167_0p167",
                "0p667_1_0p167_4p167"
              ],
              "t": 13,
              "s": [
                100,
                100,
                100
              ],
              "e": [
                5,
                5,
                100
              ]
            },
            {
              "t": 27
            }
          ],
          "ix": 6
        }
      },
      "ao": 0,
      "shapes": [
        {
          "ty": "gr",
          "it": [
            {
              "d": 1,
              "ty": "el",
              "s": {
                "a": 0,
                "k": [
                  11.898,
                  11.898
                ],
                "ix": 2
              },
              "p": {
                "a": 0,
                "k": [
                  0,
                  0
                ],
                "ix": 3
              },
              "nm": "Ellipse Path 1",
              "mn": "ADBE Vector Shape - Ellipse",
              "hd": false
            },
            {
              "ty": "fl",
              "c": {
                "a": 0,
                "k": [
                  0.976470589638,
                  0.349019616842,
                  0.349019616842,
                  1
                ],
                "ix": 4
              },
              "o": {
                "a": 0,
                "k": 99,
                "ix": 5
              },
              "r": 1,
              "nm": "Fill 1",
              "mn": "ADBE Vector Graphic - Fill",
              "hd": false
            },
            {
              "ty": "tr",
              "p": {
                "a": 0,
                "k": [
                  0,
                  0
                ],
                "ix": 2
              },
              "a": {
                "a": 0,
                "k": [
                  0,
                  0
                ],
                "ix": 1
              },
              "s": {
                "a": 0,
                "k": [
                  100,
                  100
                ],
                "ix": 3
              },
              "r": {
                "a": 0,
                "k": 0,
                "ix": 6
              },
              "o": {
                "a": 0,
                "k": 100,
                "ix": 7
              },
              "sk": {
                "a": 0,
                "k": 0,
                "ix": 4
              },
              "sa": {
                "a": 0,
                "k": 0,
                "ix": 5
              },
              "nm": "Transform"
            }
          ],
          "nm": "Ellipse 1",
          "np": 2,
          "cix": 2,
          "ix": 1,
          "mn": "ADBE Vector Group",
          "hd": false
        }
      ],
      "ip": 8,
      "op": 79,
      "st": 4,
      "bm": 0
    },
    {
      "ddd": 0,
      "ind": 2,
      "ty": 4,
      "nm": "Shape Layer 3",
      "sr": 1,
      "ks": {
        "o": {
          "a": 1,
          "k": [
            {
              "i": {
                "x": [
                  0.833
                ],
                "y": [
                  0.833
                ]
              },
              "o": {
                "x": [
                  0.167
                ],
                "y": [
                  0.167
                ]
              },
              "n": [
                "0p833_0p833_0p167_0p167"
              ],
              "t": 17,
              "s": [
                100
              ],
              "e": [
                0
              ]
            },
            {
              "t": 24
            }
          ],
          "ix": 11
        },
        "r": {
          "a": 0,
          "k": 0,
          "ix": 10
        },
        "p": {
          "a": 1,
          "k": [
            {
              "i": {
                "x": 0.232,
                "y": 1
              },
              "o": {
                "x": 0,
                "y": 0
              },
              "n": "0p232_1_0_0",
              "t": 5,
              "s": [
                37.5,
                37.5,
                0
              ],
              "e": [
                37,
                6,
                0
              ],
              "to": [
                -0.08333333581686,
                -5.25,
                0
              ],
              "ti": [
                0.08333333581686,
                5.25,
                0
              ]
            },
            {
              "t": 19
            }
          ],
          "ix": 2
        },
        "a": {
          "a": 0,
          "k": [
            0,
            0,
            0
          ],
          "ix": 1
        },
        "s": {
          "a": 1,
          "k": [
            {
              "i": {
                "x": [
                  0.667,
                  0.667,
                  0.667
                ],
                "y": [
                  1,
                  1,
                  1
                ]
              },
              "o": {
                "x": [
                  0.167,
                  0.167,
                  0.167
                ],
                "y": [
                  0.167,
                  0.167,
                  4.167
                ]
              },
              "n": [
                "0p667_1_0p167_0p167",
                "0p667_1_0p167_0p167",
                "0p667_1_0p167_4p167"
              ],
              "t": 10,
              "s": [
                100,
                100,
                100
              ],
              "e": [
                5,
                5,
                100
              ]
            },
            {
              "t": 24
            }
          ],
          "ix": 6
        }
      },
      "ao": 0,
      "shapes": [
        {
          "ty": "gr",
          "it": [
            {
              "d": 1,
              "ty": "el",
              "s": {
                "a": 0,
                "k": [
                  11.898,
                  11.898
                ],
                "ix": 2
              },
              "p": {
                "a": 0,
                "k": [
                  0,
                  0
                ],
                "ix": 3
              },
              "nm": "Ellipse Path 1",
              "mn": "ADBE Vector Shape - Ellipse",
              "hd": false
            },
            {
              "ty": "fl",
              "c": {
                "a": 0,
                "k": [
                  0.976470589638,
                  0.349019616842,
                  0.349019616842,
                  1
                ],
                "ix": 4
              },
              "o": {
                "a": 0,
                "k": 99,
                "ix": 5
              },
              "r": 1,
              "nm": "Fill 1",
              "mn": "ADBE Vector Graphic - Fill",
              "hd": false
            },
            {
              "ty": "tr",
              "p": {
                "a": 0,
                "k": [
                  0,
                  0
                ],
                "ix": 2
              },
              "a": {
                "a": 0,
                "k": [
                  0,
                  0
                ],
                "ix": 1
              },
              "s": {
                "a": 0,
                "k": [
                  100,
                  100
                ],
                "ix": 3
              },
              "r": {
                "a": 0,
                "k": 0,
                "ix": 6
              },
              "o": {
                "a": 0,
                "k": 100,
                "ix": 7
              },
              "sk": {
                "a": 0,
                "k": 0,
                "ix": 4
              },
              "sa": {
                "a": 0,
                "k": 0,
                "ix": 5
              },
              "nm": "Transform"
            }
          ],
          "nm": "Ellipse 1",
          "np": 2,
          "cix": 2,
          "ix": 1,
          "mn": "ADBE Vector Group",
          "hd": false
        }
      ],
      "ip": 5,
      "op": 76,
      "st": 1,
      "bm": 0
    },
    {
      "ddd": 0,
      "ind": 3,
      "ty": 4,
      "nm": "Shape Layer 4",
      "sr": 1,
      "ks": {
        "o": {
          "a": 1,
          "k": [
            {
              "i": {
                "x": [
                  0.833
                ],
                "y": [
                  0.833
                ]
              },
              "o": {
                "x": [
                  0.167
                ],
                "y": [
                  0.167
                ]
              },
              "n": [
                "0p833_0p833_0p167_0p167"
              ],
              "t": 23,
              "s": [
                100
              ],
              "e": [
                0
              ]
            },
            {
              "t": 30
            }
          ],
          "ix": 11
        },
        "r": {
          "a": 0,
          "k": 0,
          "ix": 10
        },
        "p": {
          "a": 1,
          "k": [
            {
              "i": {
                "x": 0.232,
                "y": 1
              },
              "o": {
                "x": 0,
                "y": 0
              },
              "n": "0p232_1_0_0",
              "t": 11,
              "s": [
                37.5,
                33,
                0
              ],
              "e": [
                38,
                67.5,
                0
              ],
              "to": [
                0.08333333581686,
                5.75,
                0
              ],
              "ti": [
                -0.08333333581686,
                -5.75,
                0
              ]
            },
            {
              "t": 29
            }
          ],
          "ix": 2
        },
        "a": {
          "a": 0,
          "k": [
            0,
            0,
            0
          ],
          "ix": 1
        },
        "s": {
          "a": 1,
          "k": [
            {
              "i": {
                "x": [
                  0.667,
                  0.667,
                  0.667
                ],
                "y": [
                  1,
                  1,
                  1
                ]
              },
              "o": {
                "x": [
                  0.167,
                  0.167,
                  0.167
                ],
                "y": [
                  0.167,
                  0.167,
                  4.167
                ]
              },
              "n": [
                "0p667_1_0p167_0p167",
                "0p667_1_0p167_0p167",
                "0p667_1_0p167_4p167"
              ],
              "t": 16,
              "s": [
                100,
                100,
                100
              ],
              "e": [
                5,
                5,
                100
              ]
            },
            {
              "t": 30
            }
          ],
          "ix": 6
        }
      },
      "ao": 0,
      "shapes": [
        {
          "ty": "gr",
          "it": [
            {
              "d": 1,
              "ty": "el",
              "s": {
                "a": 0,
                "k": [
                  11.898,
                  11.898
                ],
                "ix": 2
              },
              "p": {
                "a": 0,
                "k": [
                  0,
                  0
                ],
                "ix": 3
              },
              "nm": "Ellipse Path 1",
              "mn": "ADBE Vector Shape - Ellipse",
              "hd": false
            },
            {
              "ty": "fl",
              "c": {
                "a": 0,
                "k": [
                  0.976470589638,
                  0.349019616842,
                  0.349019616842,
                  1
                ],
                "ix": 4
              },
              "o": {
                "a": 0,
                "k": 99,
                "ix": 5
              },
              "r": 1,
              "nm": "Fill 1",
              "mn": "ADBE Vector Graphic - Fill",
              "hd": false
            },
            {
              "ty": "tr",
              "p": {
                "a": 0,
                "k": [
                  0,
                  0
                ],
                "ix": 2
              },
              "a": {
                "a": 0,
                "k": [
                  0,
                  0
                ],
                "ix": 1
              },
              "s": {
                "a": 0,
                "k": [
                  100,
                  100
                ],
                "ix": 3
              },
              "r": {
                "a": 0,
                "k": 0,
                "ix": 6
              },
              "o": {
                "a": 0,
                "k": 100,
                "ix": 7
              },
              "sk": {
                "a": 0,
                "k": 0,
                "ix": 4
              },
              "sa": {
                "a": 0,
                "k": 0,
                "ix": 5
              },
              "nm": "Transform"
            }
          ],
          "nm": "Ellipse 1",
          "np": 2,
          "cix": 2,
          "ix": 1,
          "mn": "ADBE Vector Group",
          "hd": false
        }
      ],
      "ip": 11,
      "op": 82,
      "st": 7,
      "bm": 0
    },
    {
      "ddd": 0,
      "ind": 4,
      "ty": 4,
      "nm": "Shape Layer 5",
      "sr": 1,
      "ks": {
        "o": {
          "a": 1,
          "k": [
            {
              "i": {
                "x": [
                  0.833
                ],
                "y": [
                  0.833
                ]
              },
              "o": {
                "x": [
                  0.167
                ],
                "y": [
                  0.167
                ]
              },
              "n": [
                "0p833_0p833_0p167_0p167"
              ],
              "t": 16,
              "s": [
                100
              ],
              "e": [
                0
              ]
            },
            {
              "t": 23
            }
          ],
          "ix": 11
        },
        "r": {
          "a": 0,
          "k": 0,
          "ix": 10
        },
        "p": {
          "a": 1,
          "k": [
            {
              "i": {
                "x": 0.232,
                "y": 1
              },
              "o": {
                "x": 0,
                "y": 0
              },
              "n": "0p232_1_0_0",
              "t": 4,
              "s": [
                37.5,
                37.5,
                0
              ],
              "e": [
                62.979,
                61.25,
                0
              ],
              "to": [
                4.24656438827515,
                3.95833325386047,
                0
              ],
              "ti": [
                -4.24656438827515,
                -3.95833325386047,
                0
              ]
            },
            {
              "t": 18
            }
          ],
          "ix": 2
        },
        "a": {
          "a": 0,
          "k": [
            0,
            0,
            0
          ],
          "ix": 1
        },
        "s": {
          "a": 1,
          "k": [
            {
              "i": {
                "x": [
                  0.667,
                  0.667,
                  0.667
                ],
                "y": [
                  1,
                  1,
                  1
                ]
              },
              "o": {
                "x": [
                  0.167,
                  0.167,
                  0.167
                ],
                "y": [
                  0.167,
                  0.167,
                  4.435
                ]
              },
              "n": [
                "0p667_1_0p167_0p167",
                "0p667_1_0p167_0p167",
                "0p667_1_0p167_4p435"
              ],
              "t": 9,
              "s": [
                61,
                61,
                100
              ],
              "e": [
                5,
                5,
                100
              ]
            },
            {
              "t": 23
            }
          ],
          "ix": 6
        }
      },
      "ao": 0,
      "shapes": [
        {
          "ty": "gr",
          "it": [
            {
              "d": 1,
              "ty": "el",
              "s": {
                "a": 0,
                "k": [
                  11.898,
                  11.898
                ],
                "ix": 2
              },
              "p": {
                "a": 0,
                "k": [
                  0,
                  0
                ],
                "ix": 3
              },
              "nm": "Ellipse Path 1",
              "mn": "ADBE Vector Shape - Ellipse",
              "hd": false
            },
            {
              "ty": "fl",
              "c": {
                "a": 0,
                "k": [
                  0.976470589638,
                  0.349019616842,
                  0.349019616842,
                  1
                ],
                "ix": 4
              },
              "o": {
                "a": 0,
                "k": 99,
                "ix": 5
              },
              "r": 1,
              "nm": "Fill 1",
              "mn": "ADBE Vector Graphic - Fill",
              "hd": false
            },
            {
              "ty": "tr",
              "p": {
                "a": 0,
                "k": [
                  0,
                  0
                ],
                "ix": 2
              },
              "a": {
                "a": 0,
                "k": [
                  0,
                  0
                ],
                "ix": 1
              },
              "s": {
                "a": 0,
                "k": [
                  100,
                  100
                ],
                "ix": 3
              },
              "r": {
                "a": 0,
                "k": 0,
                "ix": 6
              },
              "o": {
                "a": 0,
                "k": 100,
                "ix": 7
              },
              "sk": {
                "a": 0,
                "k": 0,
                "ix": 4
              },
              "sa": {
                "a": 0,
                "k": 0,
                "ix": 5
              },
              "nm": "Transform"
            }
          ],
          "nm": "Ellipse 1",
          "np": 2,
          "cix": 2,
          "ix": 1,
          "mn": "ADBE Vector Group",
          "hd": false
        }
      ],
      "ip": 4,
      "op": 75,
      "st": 0,
      "bm": 0
    },
    {
      "ddd": 0,
      "ind": 5,
      "ty": 4,
      "nm": "Shape Layer 6",
      "sr": 1,
      "ks": {
        "o": {
          "a": 1,
          "k": [
            {
              "i": {
                "x": [
                  0.833
                ],
                "y": [
                  0.833
                ]
              },
              "o": {
                "x": [
                  0.167
                ],
                "y": [
                  0.167
                ]
              },
              "n": [
                "0p833_0p833_0p167_0p167"
              ],
              "t": 22,
              "s": [
                100
              ],
              "e": [
                0
              ]
            },
            {
              "t": 29
            }
          ],
          "ix": 11
        },
        "r": {
          "a": 0,
          "k": 0,
          "ix": 10
        },
        "p": {
          "a": 1,
          "k": [
            {
              "i": {
                "x": 0.232,
                "y": 1
              },
              "o": {
                "x": 0,
                "y": 0
              },
              "n": "0p232_1_0_0",
              "t": 10,
              "s": [
                37.5,
                37.5,
                0
              ],
              "e": [
                62.5,
                13,
                0
              ],
              "to": [
                4.16666650772095,
                -4.08333349227905,
                0
              ],
              "ti": [
                -4.16666650772095,
                4.08333349227905,
                0
              ]
            },
            {
              "t": 24
            }
          ],
          "ix": 2
        },
        "a": {
          "a": 0,
          "k": [
            0,
            0,
            0
          ],
          "ix": 1
        },
        "s": {
          "a": 1,
          "k": [
            {
              "i": {
                "x": [
                  0.667,
                  0.667,
                  0.667
                ],
                "y": [
                  1,
                  1,
                  1
                ]
              },
              "o": {
                "x": [
                  0.167,
                  0.167,
                  0.167
                ],
                "y": [
                  0.167,
                  0.167,
                  4.167
                ]
              },
              "n": [
                "0p667_1_0p167_0p167",
                "0p667_1_0p167_0p167",
                "0p667_1_0p167_4p167"
              ],
              "t": 15,
              "s": [
                100,
                100,
                100
              ],
              "e": [
                5,
                5,
                100
              ]
            },
            {
              "t": 29
            }
          ],
          "ix": 6
        }
      },
      "ao": 0,
      "shapes": [
        {
          "ty": "gr",
          "it": [
            {
              "d": 1,
              "ty": "el",
              "s": {
                "a": 0,
                "k": [
                  11.898,
                  11.898
                ],
                "ix": 2
              },
              "p": {
                "a": 0,
                "k": [
                  0,
                  0
                ],
                "ix": 3
              },
              "nm": "Ellipse Path 1",
              "mn": "ADBE Vector Shape - Ellipse",
              "hd": false
            },
            {
              "ty": "fl",
              "c": {
                "a": 0,
                "k": [
                  0.976470589638,
                  0.349019616842,
                  0.349019616842,
                  1
                ],
                "ix": 4
              },
              "o": {
                "a": 0,
                "k": 99,
                "ix": 5
              },
              "r": 1,
              "nm": "Fill 1",
              "mn": "ADBE Vector Graphic - Fill",
              "hd": false
            },
            {
              "ty": "tr",
              "p": {
                "a": 0,
                "k": [
                  0,
                  0
                ],
                "ix": 2
              },
              "a": {
                "a": 0,
                "k": [
                  0,
                  0
                ],
                "ix": 1
              },
              "s": {
                "a": 0,
                "k": [
                  100,
                  100
                ],
                "ix": 3
              },
              "r": {
                "a": 0,
                "k": 0,
                "ix": 6
              },
              "o": {
                "a": 0,
                "k": 100,
                "ix": 7
              },
              "sk": {
                "a": 0,
                "k": 0,
                "ix": 4
              },
              "sa": {
                "a": 0,
                "k": 0,
                "ix": 5
              },
              "nm": "Transform"
            }
          ],
          "nm": "Ellipse 1",
          "np": 2,
          "cix": 2,
          "ix": 1,
          "mn": "ADBE Vector Group",
          "hd": false
        }
      ],
      "ip": 10,
      "op": 81,
      "st": 6,
      "bm": 0
    },
    {
      "ddd": 0,
      "ind": 6,
      "ty": 4,
      "nm": "Shape Layer 7",
      "sr": 1,
      "ks": {
        "o": {
          "a": 1,
          "k": [
            {
              "i": {
                "x": [
                  0.833
                ],
                "y": [
                  0.833
                ]
              },
              "o": {
                "x": [
                  0.167
                ],
                "y": [
                  0.167
                ]
              },
              "n": [
                "0p833_0p833_0p167_0p167"
              ],
              "t": 18,
              "s": [
                100
              ],
              "e": [
                0
              ]
            },
            {
              "t": 25
            }
          ],
          "ix": 11
        },
        "r": {
          "a": 0,
          "k": 0,
          "ix": 10
        },
        "p": {
          "a": 1,
          "k": [
            {
              "i": {
                "x": 0.232,
                "y": 1
              },
              "o": {
                "x": 0,
                "y": 0
              },
              "n": "0p232_1_0_0",
              "t": 6,
              "s": [
                37.5,
                37.5,
                0
              ],
              "e": [
                12.5,
                12.5,
                0
              ],
              "to": [
                -4.16666650772095,
                -4.16666650772095,
                0
              ],
              "ti": [
                4.16666650772095,
                4.16666650772095,
                0
              ]
            },
            {
              "t": 20
            }
          ],
          "ix": 2
        },
        "a": {
          "a": 0,
          "k": [
            0,
            0,
            0
          ],
          "ix": 1
        },
        "s": {
          "a": 1,
          "k": [
            {
              "i": {
                "x": [
                  0.667,
                  0.667,
                  0.667
                ],
                "y": [
                  1,
                  1,
                  1
                ]
              },
              "o": {
                "x": [
                  0.167,
                  0.167,
                  0.167
                ],
                "y": [
                  0.167,
                  0.167,
                  4.419
                ]
              },
              "n": [
                "0p667_1_0p167_0p167",
                "0p667_1_0p167_0p167",
                "0p667_1_0p167_4p419"
              ],
              "t": 11,
              "s": [
                65,
                65,
                100
              ],
              "e": [
                5,
                5,
                100
              ]
            },
            {
              "t": 25
            }
          ],
          "ix": 6
        }
      },
      "ao": 0,
      "shapes": [
        {
          "ty": "gr",
          "it": [
            {
              "d": 1,
              "ty": "el",
              "s": {
                "a": 0,
                "k": [
                  11.898,
                  11.898
                ],
                "ix": 2
              },
              "p": {
                "a": 0,
                "k": [
                  0,
                  0
                ],
                "ix": 3
              },
              "nm": "Ellipse Path 1",
              "mn": "ADBE Vector Shape - Ellipse",
              "hd": false
            },
            {
              "ty": "fl",
              "c": {
                "a": 0,
                "k": [
                  0.976470589638,
                  0.349019616842,
                  0.349019616842,
                  1
                ],
                "ix": 4
              },
              "o": {
                "a": 0,
                "k": 99,
                "ix": 5
              },
              "r": 1,
              "nm": "Fill 1",
              "mn": "ADBE Vector Graphic - Fill",
              "hd": false
            },
            {
              "ty": "tr",
              "p": {
                "a": 0,
                "k": [
                  0,
                  0
                ],
                "ix": 2
              },
              "a": {
                "a": 0,
                "k": [
                  0,
                  0
                ],
                "ix": 1
              },
              "s": {
                "a": 0,
                "k": [
                  100,
                  100
                ],
                "ix": 3
              },
              "r": {
                "a": 0,
                "k": 0,
                "ix": 6
              },
              "o": {
                "a": 0,
                "k": 100,
                "ix": 7
              },
              "sk": {
                "a": 0,
                "k": 0,
                "ix": 4
              },
              "sa": {
                "a": 0,
                "k": 0,
                "ix": 5
              },
              "nm": "Transform"
            }
          ],
          "nm": "Ellipse 1",
          "np": 2,
          "cix": 2,
          "ix": 1,
          "mn": "ADBE Vector Group",
          "hd": false
        }
      ],
      "ip": 6,
      "op": 77,
      "st": 2,
      "bm": 0
    },
    {
      "ddd": 0,
      "ind": 7,
      "ty": 4,
      "nm": "Shape Layer 8",
      "sr": 1,
      "ks": {
        "o": {
          "a": 1,
          "k": [
            {
              "i": {
                "x": [
                  0.833
                ],
                "y": [
                  0.833
                ]
              },
              "o": {
                "x": [
                  0.167
                ],
                "y": [
                  0.167
                ]
              },
              "n": [
                "0p833_0p833_0p167_0p167"
              ],
              "t": 17,
              "s": [
                100
              ],
              "e": [
                0
              ]
            },
            {
              "t": 24
            }
          ],
          "ix": 11
        },
        "r": {
          "a": 0,
          "k": 0,
          "ix": 10
        },
        "p": {
          "a": 1,
          "k": [
            {
              "i": {
                "x": 0.232,
                "y": 1
              },
              "o": {
                "x": 0,
                "y": 0
              },
              "n": "0p232_1_0_0",
              "t": 5,
              "s": [
                37.5,
                37.5,
                0
              ],
              "e": [
                15,
                62.25,
                0
              ],
              "to": [
                -3.75,
                4.125,
                0
              ],
              "ti": [
                3.75,
                -4.125,
                0
              ]
            },
            {
              "t": 19
            }
          ],
          "ix": 2
        },
        "a": {
          "a": 0,
          "k": [
            0,
            0,
            0
          ],
          "ix": 1
        },
        "s": {
          "a": 1,
          "k": [
            {
              "i": {
                "x": [
                  0.667,
                  0.667,
                  0.667
                ],
                "y": [
                  1,
                  1,
                  1
                ]
              },
              "o": {
                "x": [
                  0.167,
                  0.167,
                  0.167
                ],
                "y": [
                  0.167,
                  0.167,
                  4.948
                ]
              },
              "n": [
                "0p667_1_0p167_0p167",
                "0p667_1_0p167_0p167",
                "0p667_1_0p167_4p948"
              ],
              "t": 10,
              "s": [
                61,
                61,
                100
              ],
              "e": [
                5,
                5,
                100
              ]
            },
            {
              "t": 24
            }
          ],
          "ix": 6
        }
      },
      "ao": 0,
      "shapes": [
        {
          "ty": "gr",
          "it": [
            {
              "d": 1,
              "ty": "el",
              "s": {
                "a": 0,
                "k": [
                  11.898,
                  11.898
                ],
                "ix": 2
              },
              "p": {
                "a": 0,
                "k": [
                  0,
                  0
                ],
                "ix": 3
              },
              "nm": "Ellipse Path 1",
              "mn": "ADBE Vector Shape - Ellipse",
              "hd": false
            },
            {
              "ty": "fl",
              "c": {
                "a": 0,
                "k": [
                  0.976470589638,
                  0.349019616842,
                  0.349019616842,
                  1
                ],
                "ix": 4
              },
              "o": {
                "a": 0,
                "k": 99,
                "ix": 5
              },
              "r": 1,
              "nm": "Fill 1",
              "mn": "ADBE Vector Graphic - Fill",
              "hd": false
            },
            {
              "ty": "tr",
              "p": {
                "a": 0,
                "k": [
                  0,
                  0
                ],
                "ix": 2
              },
              "a": {
                "a": 0,
                "k": [
                  0,
                  0
                ],
                "ix": 1
              },
              "s": {
                "a": 0,
                "k": [
                  100,
                  100
                ],
                "ix": 3
              },
              "r": {
                "a": 0,
                "k": 0,
                "ix": 6
              },
              "o": {
                "a": 0,
                "k": 100,
                "ix": 7
              },
              "sk": {
                "a": 0,
                "k": 0,
                "ix": 4
              },
              "sa": {
                "a": 0,
                "k": 0,
                "ix": 5
              },
              "nm": "Transform"
            }
          ],
          "nm": "Ellipse 1",
          "np": 2,
          "cix": 2,
          "ix": 1,
          "mn": "ADBE Vector Group",
          "hd": false
        }
      ],
      "ip": 5,
      "op": 76,
      "st": 1,
      "bm": 0
    },
    {
      "ddd": 0,
      "ind": 8,
      "ty": 4,
      "nm": "Shape Layer 1",
      "sr": 1,
      "ks": {
        "o": {
          "a": 1,
          "k": [
            {
              "i": {
                "x": [
                  0.833
                ],
                "y": [
                  0.833
                ]
              },
              "o": {
                "x": [
                  0.167
                ],
                "y": [
                  0.167
                ]
              },
              "n": [
                "0p833_0p833_0p167_0p167"
              ],
              "t": 20,
              "s": [
                100
              ],
              "e": [
                0
              ]
            },
            {
              "t": 27
            }
          ],
          "ix": 11
        },
        "r": {
          "a": 0,
          "k": 0,
          "ix": 10
        },
        "p": {
          "a": 1,
          "k": [
            {
              "i": {
                "x": 0.232,
                "y": 1
              },
              "o": {
                "x": 0,
                "y": 0
              },
              "n": "0p232_1_0_0",
              "t": 8,
              "s": [
                37.5,
                37.5,
                0
              ],
              "e": [
                69.5,
                37.5,
                0
              ],
              "to": [
                5.33333349227905,
                0,
                0
              ],
              "ti": [
                -5.33333349227905,
                0,
                0
              ]
            },
            {
              "t": 22
            }
          ],
          "ix": 2
        },
        "a": {
          "a": 0,
          "k": [
            0,
            0,
            0
          ],
          "ix": 1
        },
        "s": {
          "a": 1,
          "k": [
            {
              "i": {
                "x": [
                  0.667,
                  0.667,
                  0.667
                ],
                "y": [
                  1,
                  1,
                  1
                ]
              },
              "o": {
                "x": [
                  0.167,
                  0.167,
                  0.167
                ],
                "y": [
                  0.167,
                  0.167,
                  4.167
                ]
              },
              "n": [
                "0p667_1_0p167_0p167",
                "0p667_1_0p167_0p167",
                "0p667_1_0p167_4p167"
              ],
              "t": 13,
              "s": [
                100,
                100,
                100
              ],
              "e": [
                5,
                5,
                100
              ]
            },
            {
              "t": 27
            }
          ],
          "ix": 6
        }
      },
      "ao": 0,
      "shapes": [
        {
          "ty": "gr",
          "it": [
            {
              "d": 1,
              "ty": "el",
              "s": {
                "a": 0,
                "k": [
                  11.898,
                  11.898
                ],
                "ix": 2
              },
              "p": {
                "a": 0,
                "k": [
                  0,
                  0
                ],
                "ix": 3
              },
              "nm": "Ellipse Path 1",
              "mn": "ADBE Vector Shape - Ellipse",
              "hd": false
            },
            {
              "ty": "fl",
              "c": {
                "a": 0,
                "k": [
                  0.976470589638,
                  0.349019616842,
                  0.349019616842,
                  1
                ],
                "ix": 4
              },
              "o": {
                "a": 0,
                "k": 99,
                "ix": 5
              },
              "r": 1,
              "nm": "Fill 1",
              "mn": "ADBE Vector Graphic - Fill",
              "hd": false
            },
            {
              "ty": "tr",
              "p": {
                "a": 0,
                "k": [
                  0,
                  0
                ],
                "ix": 2
              },
              "a": {
                "a": 0,
                "k": [
                  0,
                  0
                ],
                "ix": 1
              },
              "s": {
                "a": 0,
                "k": [
                  100,
                  100
                ],
                "ix": 3
              },
              "r": {
                "a": 0,
                "k": 0,
                "ix": 6
              },
              "o": {
                "a": 0,
                "k": 100,
                "ix": 7
              },
              "sk": {
                "a": 0,
                "k": 0,
                "ix": 4
              },
              "sa": {
                "a": 0,
                "k": 0,
                "ix": 5
              },
              "nm": "Transform"
            }
          ],
          "nm": "Ellipse 1",
          "np": 2,
          "cix": 2,
          "ix": 1,
          "mn": "ADBE Vector Group",
          "hd": false
        }
      ],
      "ip": 8,
      "op": 79,
      "st": 4,
      "bm": 0
    },
    {
      "ddd": 0,
      "ind": 9,
      "ty": 4,
      "nm": "Circle",
      "sr": 1,
      "ks": {
        "o": {
          "a": 1,
          "k": [
            {
              "i": {
                "x": [
                  0.833
                ],
                "y": [
                  0.833
                ]
              },
              "o": {
                "x": [
                  0.167
                ],
                "y": [
                  0.167
                ]
              },
              "n": [
                "0p833_0p833_0p167_0p167"
              ],
              "t": 2,
              "s": [
                100
              ],
              "e": [
                29.588
              ]
            },
            {
              "i": {
                "x": [
                  0.833
                ],
                "y": [
                  0.833
                ]
              },
              "o": {
                "x": [
                  0.167
                ],
                "y": [
                  0.167
                ]
              },
              "n": [
                "0p833_0p833_0p167_0p167"
              ],
              "t": 7,
              "s": [
                29.588
              ],
              "e": [
                0
              ]
            },
            {
              "t": 19
            }
          ],
          "ix": 11
        },
        "r": {
          "a": 0,
          "k": 0,
          "ix": 10
        },
        "p": {
          "a": 0,
          "k": [
            38,
            35.5,
            0
          ],
          "ix": 2
        },
        "a": {
          "a": 0,
          "k": [
            0,
            -2.451,
            0
          ],
          "ix": 1
        },
        "s": {
          "a": 1,
          "k": [
            {
              "i": {
                "x": [
                  0.833,
                  0.833,
                  0.833
                ],
                "y": [
                  0.833,
                  0.833,
                  0.833
                ]
              },
              "o": {
                "x": [
                  0.167,
                  0.167,
                  0.167
                ],
                "y": [
                  0.167,
                  0.167,
                  0.167
                ]
              },
              "n": [
                "0p833_0p833_0p167_0p167",
                "0p833_0p833_0p167_0p167",
                "0p833_0p833_0p167_0p167"
              ],
              "t": 1,
              "s": [
                32,
                32,
                100
              ],
              "e": [
                82,
                82,
                100
              ]
            },
            {
              "i": {
                "x": [
                  0.833,
                  0.833,
                  0.833
                ],
                "y": [
                  0.833,
                  0.833,
                  0.833
                ]
              },
              "o": {
                "x": [
                  0.167,
                  0.167,
                  0.167
                ],
                "y": [
                  0.167,
                  0.167,
                  0.167
                ]
              },
              "n": [
                "0p833_0p833_0p167_0p167",
                "0p833_0p833_0p167_0p167",
                "0p833_0p833_0p167_0p167"
              ],
              "t": 5,
              "s": [
                82,
                82,
                100
              ],
              "e": [
                95.714,
                95.714,
                100
              ]
            },
            {
              "i": {
                "x": [
                  0.833,
                  0.833,
                  0.833
                ],
                "y": [
                  0.833,
                  0.833,
                  0.833
                ]
              },
              "o": {
                "x": [
                  0.167,
                  0.167,
                  0.167
                ],
                "y": [
                  0.167,
                  0.167,
                  0.167
                ]
              },
              "n": [
                "0p833_0p833_0p167_0p167",
                "0p833_0p833_0p167_0p167",
                "0p833_0p833_0p167_0p167"
              ],
              "t": 9,
              "s": [
                95.714,
                95.714,
                100
              ],
              "e": [
                102,
                102,
                100
              ]
            },
            {
              "t": 19
            }
          ],
          "ix": 6
        }
      },
      "ao": 0,
      "shapes": [
        {
          "ty": "gr",
          "it": [
            {
              "d": 1,
              "ty": "el",
              "s": {
                "a": 0,
                "k": [
                  70.607,
                  70.607
                ],
                "ix": 2
              },
              "p": {
                "a": 0,
                "k": [
                  0,
                  0
                ],
                "ix": 3
              },
              "nm": "Ellipse Path 1",
              "mn": "ADBE Vector Shape - Ellipse",
              "hd": false
            },
            {
              "ty": "st",
              "c": {
                "a": 0,
                "k": [
                  0.976470589638,
                  0.349019616842,
                  0.349019616842,
                  1
                ],
                "ix": 3
              },
              "o": {
                "a": 0,
                "k": 100,
                "ix": 4
              },
              "w": {
                "a": 1,
                "k": [
                  {
                    "i": {
                      "x": [
                        0.833
                      ],
                      "y": [
                        0.833
                      ]
                    },
                    "o": {
                      "x": [
                        0.167
                      ],
                      "y": [
                        0.167
                      ]
                    },
                    "n": [
                      "0p833_0p833_0p167_0p167"
                    ],
                    "t": 1,
                    "s": [
                      13
                    ],
                    "e": [
                      3
                    ]
                  },
                  {
                    "i": {
                      "x": [
                        0.833
                      ],
                      "y": [
                        0.833
                      ]
                    },
                    "o": {
                      "x": [
                        0.167
                      ],
                      "y": [
                        0.167
                      ]
                    },
                    "n": [
                      "0p833_0p833_0p167_0p167"
                    ],
                    "t": 9,
                    "s": [
                      3
                    ],
                    "e": [
                      0.5
                    ]
                  },
                  {
                    "t": 19
                  }
                ],
                "ix": 5
              },
              "lc": 1,
              "lj": 1,
              "ml": 4,
              "nm": "Stroke 1",
              "mn": "ADBE Vector Graphic - Stroke",
              "hd": false
            },
            {
              "ty": "tr",
              "p": {
                "a": 0,
                "k": [
                  0,
                  -0.5
                ],
                "ix": 2
              },
              "a": {
                "a": 0,
                "k": [
                  0,
                  0
                ],
                "ix": 1
              },
              "s": {
                "a": 0,
                "k": [
                  100,
                  100
                ],
                "ix": 3
              },
              "r": {
                "a": 0,
                "k": 0,
                "ix": 6
              },
              "o": {
                "a": 0,
                "k": 100,
                "ix": 7
              },
              "sk": {
                "a": 0,
                "k": 0,
                "ix": 4
              },
              "sa": {
                "a": 0,
                "k": 0,
                "ix": 5
              },
              "nm": "Transform"
            }
          ],
          "nm": "Ellipse 1",
          "np": 2,
          "cix": 2,
          "ix": 1,
          "mn": "ADBE Vector Group",
          "hd": false
        }
      ],
      "ip": 1,
      "op": 75,
      "st": -1,
      "bm": 0
    },
    {
      "ddd": 0,
      "ind": 10,
      "ty": 4,
      "nm": "Heart 2",
      "sr": 1,
      "ks": {
        "o": {
          "a": 0,
          "k": 100,
          "ix": 11
        },
        "r": {
          "a": 0,
          "k": 0,
          "ix": 10
        },
        "p": {
          "a": 0,
          "k": [
            38.007,
            37.27,
            0
          ],
          "ix": 2
        },
        "a": {
          "a": 0,
          "k": [
            -0.127,
            -0.711,
            0
          ],
          "ix": 1
        },
        "s": {
          "a": 1,
          "k": [
            {
              "i": {
                "x": [
                  0.833,
                  0.833,
                  0.833
                ],
                "y": [
                  0.833,
                  0.833,
                  0.833
                ]
              },
              "o": {
                "x": [
                  0.167,
                  0.167,
                  0.167
                ],
                "y": [
                  0.167,
                  0.167,
                  0.167
                ]
              },
              "n": [
                "0p833_0p833_0p167_0p167",
                "0p833_0p833_0p167_0p167",
                "0p833_0p833_0p167_0p167"
              ],
              "t": 0,
              "s": [
                191.383,
                191.383,
                100
              ],
              "e": [
                66,
                66,
                100
              ]
            },
            {
              "i": {
                "x": [
                  0.833,
                  0.833,
                  0.833
                ],
                "y": [
                  0.833,
                  0.833,
                  0.833
                ]
              },
              "o": {
                "x": [
                  0.167,
                  0.167,
                  0.167
                ],
                "y": [
                  0.167,
                  0.167,
                  0.167
                ]
              },
              "n": [
                "0p833_0p833_0p167_0p167",
                "0p833_0p833_0p167_0p167",
                "0p833_0p833_0p167_0p167"
              ],
              "t": 2,
              "s": [
                66,
                66,
                100
              ],
              "e": [
                192,
                192,
                100
              ]
            },
            {
              "t": 4
            }
          ],
          "ix": 6,
          "x": "var $bm_rt;\nvar amp, freq, decay, n, time_max, n, t, t, v;\namp = 0.1;\nfreq = 2.2;\ndecay = 6;\nn = 0;\n$bm_rt = time_max = 4;\nif (numKeys > 0) {\n    $bm_rt = n = nearestKey(time).index;\n    if (key(n).time > time) {\n        n--;\n    }\n}\nif (n == 0) {\n    $bm_rt = t = 0;\n} else {\n    $bm_rt = t = sub(time, key(n).time);\n}\nif (n > 0 && t < time_max) {\n    v = velocityAtTime(sub(key(n).time, div(thisComp.frameDuration, 10)));\n    $bm_rt = sum(value, div(mul(mul(v, amp), Math.sin(mul(mul(mul(freq, t), 2), Math.PI))), Math.exp(mul(decay, t))));\n} else {\n    $bm_rt = value;\n}"
        }
      },
      "ao": 0,
      "shapes": [
        {
          "ind": 0,
          "ty": "sh",
          "ix": 1,
          "ks": {
            "a": 0,
            "k": {
              "i": [
                [
                  0.027,
                  0.17
                ],
                [
                  3.415,
                  0
                ],
                [
                  1.172,
                  -1.962
                ],
                [
                  2.239,
                  0
                ],
                [
                  1.094,
                  -0.939
                ],
                [
                  0.196,
                  -2.155
                ],
                [
                  -0.345,
                  -1.462
                ],
                [
                  -1.676,
                  -1.518
                ],
                [
                  0,
                  0
                ],
                [
                  0,
                  0
                ],
                [
                  -0.497,
                  2.109
                ]
              ],
              "o": [
                [
                  -0.35,
                  -3.855
                ],
                [
                  -2.275,
                  0
                ],
                [
                  -1.161,
                  -1.988
                ],
                [
                  -1.506,
                  0
                ],
                [
                  -1.386,
                  1.19
                ],
                [
                  -0.028,
                  0.17
                ],
                [
                  0.497,
                  2.108
                ],
                [
                  0,
                  0
                ],
                [
                  0,
                  0
                ],
                [
                  1.676,
                  -1.519
                ],
                [
                  0.345,
                  -1.461
                ]
              ],
              "v": [
                [
                  11.958,
                  -4.502
                ],
                [
                  5.464,
                  -11.154
                ],
                [
                  -0.066,
                  -7.968
                ],
                [
                  -5.464,
                  -11.155
                ],
                [
                  -9.437,
                  -9.672
                ],
                [
                  -11.958,
                  -4.503
                ],
                [
                  -11.754,
                  -1.975
                ],
                [
                  -8.431,
                  3.569
                ],
                [
                  -0.072,
                  11.155
                ],
                [
                  8.431,
                  3.569
                ],
                [
                  11.754,
                  -1.975
                ]
              ],
              "c": true
            },
            "ix": 2
          },
          "nm": "Path 1",
          "mn": "ADBE Vector Shape - Group",
          "hd": false
        },
        {
          "ty": "fl",
          "c": {
            "a": 0,
            "k": [
              0.93,
              0,
              0,
              1
            ],
            "ix": 4
          },
          "o": {
            "a": 0,
            "k": 100,
            "ix": 5
          },
          "r": 1,
          "nm": "Fill 1",
          "mn": "ADBE Vector Graphic - Fill",
          "hd": false
        }
      ],
      "ip": 1,
      "op": 75,
      "st": 1,
      "bm": 0
    },
    {
      "ddd": 0,
      "ind": 11,
      "ty": 4,
      "nm": "Heart Hollow",
      "sr": 1,
      "ks": {
        "o": {
          "a": 0,
          "k": 100,
          "ix": 11
        },
        "r": {
          "a": 0,
          "k": 0,
          "ix": 10
        },
        "p": {
          "a": 0,
          "k": [
            38.007,
            36.77,
            0
          ],
          "ix": 2
        },
        "a": {
          "a": 0,
          "k": [
            -0.127,
            -0.711,
            0
          ],
          "ix": 1
        },
        "s": {
          "a": 0,
          "k": [
            177.383,
            177.383,
            100
          ],
          "ix": 6
        }
      },
      "ao": 0,
      "shapes": [
        {
          "ind": 0,
          "ty": "sh",
          "ix": 1,
          "ks": {
            "a": 0,
            "k": {
              "i": [
                [
                  0.027,
                  0.17
                ],
                [
                  3.415,
                  0
                ],
                [
                  1.172,
                  -1.962
                ],
                [
                  2.239,
                  0
                ],
                [
                  1.094,
                  -0.939
                ],
                [
                  0.196,
                  -2.155
                ],
                [
                  -0.345,
                  -1.462
                ],
                [
                  -1.676,
                  -1.518
                ],
                [
                  0,
                  0
                ],
                [
                  0,
                  0
                ],
                [
                  -0.497,
                  2.109
                ]
              ],
              "o": [
                [
                  -0.35,
                  -3.855
                ],
                [
                  -2.275,
                  0
                ],
                [
                  -1.161,
                  -1.988
                ],
                [
                  -1.506,
                  0
                ],
                [
                  -1.386,
                  1.19
                ],
                [
                  -0.028,
                  0.17
                ],
                [
                  0.497,
                  2.108
                ],
                [
                  0,
                  0
                ],
                [
                  0,
                  0
                ],
                [
                  1.676,
                  -1.519
                ],
                [
                  0.345,
                  -1.461
                ]
              ],
              "v": [
                [
                  11.958,
                  -4.502
                ],
                [
                  5.464,
                  -11.154
                ],
                [
                  -0.066,
                  -7.968
                ],
                [
                  -5.464,
                  -11.155
                ],
                [
                  -9.437,
                  -9.672
                ],
                [
                  -11.958,
                  -4.503
                ],
                [
                  -11.754,
                  -1.975
                ],
                [
                  -8.431,
                  3.569
                ],
                [
                  -0.072,
                  11.155
                ],
                [
                  8.431,
                  3.569
                ],
                [
                  11.754,
                  -1.975
                ]
              ],
              "c": true
            },
            "ix": 2
          },
          "nm": "Path 1",
          "mn": "ADBE Vector Shape - Group",
          "hd": false
        },
        {
          "ty": "st",
          "c": {
            "a": 0,
            "k": [
              0.592156887054,
              0.592156887054,
              0.592156887054,
              1
            ],
            "ix": 3
          },
          "o": {
            "a": 0,
            "k": 100,
            "ix": 4
          },
          "w": {
            "a": 0,
            "k": 1.5,
            "ix": 5
          },
          "lc": 1,
          "lj": 1,
          "ml": 4,
          "nm": "Stroke 1",
          "mn": "ADBE Vector Graphic - Stroke",
          "hd": false
        }
      ],
      "ip": 0,
      "op": 1,
      "st": 0,
      "bm": 0
    }
  ]
}